fiscal_year,agency,naics,category,net_obligations,positive_recipient_net,negative_recipient_net,recipient_count,positive_recipients,hhi,top5_share
2023,Department of Energy,541511,Custom Computer Programming Services,92594336.83,92644331.78,-49994.95,40,37,0.12172706796835205,0.6536181675290831
2023,Department of Energy,541512,Computer Systems Design Services,486565188.01,489118238.86,-2553050.85,28,21,0.7604338846017935,0.9645953181170235
2023,Department of Energy,541519,Other Computer Related Services,257044860.23,260158040.17,-3113179.94,159,144,0.06732114440493557,0.4860694649197395
2023,Department of Health and Human Services,541511,Custom Computer Programming Services,1643176681.34,1678544596.52,-35367915.18,392,313,0.04140189104184571,0.364096822167881
2023,Department of Health and Human Services,541512,Computer Systems Design Services,3431861588.87,3479060122.11,-47198533.24,434,339,0.0324099517508016,0.3466276364745935
2023,Department of Health and Human Services,541519,Other Computer Related Services,2017441455.29,2040847109.88,-23405654.59,560,476,0.021374722615281092,0.24209091643766048
2023,Department of Veterans Affairs,541511,Custom Computer Programming Services,363503115.83,364483772.68,-980656.85,194,166,0.1056726865921216,0.6318927756550788
2023,Department of Veterans Affairs,541512,Computer Systems Design Services,4003215345.9,4012932623.18,-9717277.28,122,105,0.10857341063526342,0.6367187018194277
2023,Department of Veterans Affairs,541519,Other Computer Related Services,2304254718.1,2339941601.06,-35686882.96,381,338,0.07952616302174177,0.5587212913851164
2023,National Aeronautics and Space Administration,541511,Custom Computer Programming Services,16502190.37,16625942.02,-123751.65,77,69,0.07679191287720752,0.5547365640338014
2023,National Aeronautics and Space Administration,541512,Computer Systems Design Services,143085480.57,143194655.01,-109174.44,32,26,0.25558406178196624,0.8492589121535815
2023,National Aeronautics and Space Administration,541519,Other Computer Related Services,234890167.2,234959618.21,-69451.01,210,201,0.07248460729100074,0.5369722865621778
2024,Department of Energy,541511,Custom Computer Programming Services,119720232.19,120041876.14,-321643.95,42,40,0.10234627807628995,0.6271534916048672
2024,Department of Energy,541512,Computer Systems Design Services,570996092.57,570996092.57,0.0,26,24,0.7529526679686104,0.950616478051392
2024,Department of Energy,541519,Other Computer Related Services,359895937.48,360543486.51,-647549.03,161,140,0.06315931033206125,0.5111497641350081
2024,Department of Health and Human Services,541511,Custom Computer Programming Services,1729402296.75,1738925881.94,-9523585.19,367,300,0.04851029350120351,0.37421583374446143
2024,Department of Health and Human Services,541512,Computer Systems Design Services,3450078705.42,3524329744.78,-74251039.36,414,318,0.030870923286936882,0.33308385559231446
2024,Department of Health and Human Services,541519,Other Computer Related Services,2168643992.15,2176411592.74,-7767600.59,529,452,0.019189183808818396,0.2273874837971058
2024,Department of Veterans Affairs,541511,Custom Computer Programming Services,472978952.32,473502264.55,-523312.23,187,164,0.07555375754147817,0.5087181264041538
2024,Department of Veterans Affairs,541512,Computer Systems Design Services,4609904866.61,4610178527.94,-273661.33,153,134,0.09562018316081713,0.5853517364339087
2024,Department of Veterans Affairs,541519,Other Computer Related Services,2276154896.16,2283894126.71,-7739230.55,390,346,0.07705304199332015,0.5440329075760917
2024,National Aeronautics and Space Administration,541511,Custom Computer Programming Services,12397056.8,12423676.79,-26619.99,72,64,0.08750632818405654,0.5936659971657231
2024,National Aeronautics and Space Administration,541512,Computer Systems Design Services,148350690.04,148652799.21,-302109.17,34,28,0.3073826518059047,0.9388857399370866
2024,National Aeronautics and Space Administration,541519,Other Computer Related Services,269825743.58,270057040.69,-231297.11,214,203,0.10462496782871193,0.6025361032034199
2025,Department of Energy,541511,Custom Computer Programming Services,126351091.14,132453401.28,-6102310.14,47,36,0.18497734854454653,0.7426563703113688
2025,Department of Energy,541512,Computer Systems Design Services,537797941.08,538050228.62,-252287.54,34,28,0.7294729296774733,0.9384384225336081
2025,Department of Energy,541519,Other Computer Related Services,376020277.62,377637609.04,-1617331.42,164,132,0.07205227002961011,0.5283933109502985
2025,Department of Health and Human Services,541511,Custom Computer Programming Services,1335178319.41,1342730108.35,-7551788.94,318,246,0.0393659586389052,0.35657080150555487
2025,Department of Health and Human Services,541512,Computer Systems Design Services,3364271513.81,3381870531.8,-17599017.99,414,320,0.04606616100567321,0.40005333530905574
2025,Department of Health and Human Services,541519,Other Computer Related Services,1896735884.63,1904034319.91,-7298435.28,474,387,0.020298013200856325,0.23495217304756655
2025,Department of Veterans Affairs,541511,Custom Computer Programming Services,811793412.3,817351276.98,-5557864.68,188,160,0.08770414462749047,0.5788016047983443
2025,Department of Veterans Affairs,541512,Computer Systems Design Services,3923951411.7,3930041299.78,-6089888.08,114,99,0.11354814590751208,0.5778829771705285
2025,Department of Veterans Affairs,541519,Other Computer Related Services,2421243166.78,2437673935.92,-16430769.14,378,327,0.06842271273566877,0.49053198040562
2025,National Aeronautics and Space Administration,541511,Custom Computer Programming Services,15812322.81,15881356.63,-69033.82,67,47,0.14239119236194647,0.7447242899676638
2025,National Aeronautics and Space Administration,541512,Computer Systems Design Services,209908862.3,210087409.35,-178547.05,31,21,0.4770599342280379,0.993265479809678
2025,National Aeronautics and Space Administration,541519,Other Computer Related Services,287277979.34,287702356.57,-424377.23,257,218,0.09064043880392522,0.5845601406434111
