fiscal_year,agency,naics,category,net_obligations,positive_recipient_net,negative_recipient_net,recipient_count,positive_recipients,hhi,top5_share,base_obligations,cagr,yoy,size_component,growth_component,fragmentation_component,score,rank,top3_scenarios,best_rank,worst_rank
2025,Department of Veterans Affairs,541511,Custom Computer Programming Services,811793412.3,817351276.98,-5557864.68,188,160,0.08770414462749047,0.5788016047983443,363503115.83,0.4944063092008486,0.7163415165053066,0.7142564331683584,1.0,0.9049513316664851,87.1475151108871,1,4,1,1
2025,Department of Health and Human Services,541512,Computer Systems Design Services,3364271513.81,3381870531.8,-17599017.99,414,320,0.04606616100567321,0.40005333530905574,3431861588.87,-0.00989640547095827,-0.024871082353918106,0.972091784559992,0.1495532658299277,0.9636646091025888,68.16751503672485,2,3,2,7
2025,Department of Veterans Affairs,541519,Other Computer Related Services,2421243166.78,2437673935.92,-16430769.14,378,327,0.06842271273566877,0.49053198040562,2304254718.1,0.02507103337946015,0.06374270523714021,0.9124388156797288,0.20852170543466608,0.9321398735111647,67.19781444433876,3,1,3,4
2025,Department of Veterans Affairs,541512,Computer Systems Design Services,3923951411.7,3930041299.78,-6089888.08,114,99,0.11354814590751208,0.5778829771705285,4003215345.9,-0.00994953034378554,-0.1487999155640779,1.0,0.14946367703081018,0.8685089805912074,66.28649811381457,4,1,3,8
2025,Department of Energy,541519,Other Computer Related Services,376020277.62,377637609.04,-1617331.42,164,132,0.07205227002961011,0.5283933109502985,257044860.23,0.20948690514917745,0.04480278452961439,0.5746855644676984,0.5195172073679633,0.9270218734104646,66.10775321656209,5,1,2,7
2025,Department of Health and Human Services,541519,Other Computer Related Services,1896735884.63,1904034319.91,-7298435.28,474,387,0.020298013200856325,0.23495217304756655,2017441455.29,-0.030376885248960095,-0.1253816248790699,0.8681617409066739,0.11501536501221554,1.0,64.41119870716112,6,1,3,9
2025,National Aeronautics and Space Administration,541519,Other Computer Related Services,287277979.34,287702356.57,-424377.23,257,218,0.09064043880392522,0.5845601406434111,234890167.2,0.10590736457520289,0.06467965409247767,0.5258662698311449,0.3448425934006357,0.9008108945074508,57.49913704833585,7,0,5,8
2025,Department of Health and Human Services,541511,Custom Computer Programming Services,1335178319.41,1342730108.35,-7551788.94,318,246,0.0393659586389052,0.35657080150555487,1643176681.34,-0.09857934693661907,-0.2279538879304428,0.8044937193294257,0.0,0.9731124931310545,57.350654970461534,8,0,6,10
2025,Department of Energy,541511,Custom Computer Programming Services,126351091.14,132453401.28,-6102310.14,47,36,0.18497734854454653,0.7426563703113688,92594336.83,0.16814642872297592,0.05538628541478774,0.37690432076633235,0.44980139552947607,0.7677874223726581,51.968322741533036,9,1,3,9
2025,National Aeronautics and Space Administration,541512,Computer Systems Design Services,209908862.3,210087409.35,-178547.05,31,21,0.4770599342280379,0.993265479809678,143085480.57,0.21120485823870028,0.4149503601459623,0.46896144953453717,0.5224143315593189,0.35592487774877185,45.375898670748114,10,0,6,11
2025,Department of Energy,541512,Computer Systems Design Services,537797941.08,538050228.62,-252287.54,34,28,0.7294729296774733,0.9384384225336081,486565188.01,0.05132998440368297,-0.05814076825040648,0.6395813999129164,0.25280431286781346,0.0,31.233499947325544,11,0,11,12
2025,National Aeronautics and Space Administration,541511,Custom Computer Programming Services,15812322.81,15881356.63,-69033.82,67,47,0.14239119236194647,0.7447242899676638,16502190.37,-0.021125445014934185,0.27549006712625523,0.0,0.13061682204287467,0.8278377078426802,29.40672000678102,12,0,10,12
